app,purpose,declared
de.ernstings,tracking,unnecessarily_declared
de.ernstings,ads,unnecessarily_declared
de.tchibo.app,tracking,unnecessarily_declared
de.tchibo.app,ads,unnecessarily_declared
com.piriform.ccleaner,tracking,correctly_declared
com.piriform.ccleaner,ads,unnecessarily_declared
de.momox,tracking,unnecessarily_declared
de.momox,ads,unnecessarily_declared
de.is24.android,tracking,correctly_declared
de.is24.android,ads,unnecessarily_declared
com.getyourguide.android,tracking,correctly_declared
com.getyourguide.android,ads,unnecessarily_declared
com.bumble.app,tracking,unnecessarily_declared
com.bumble.app,ads,unnecessarily_declared
de.rossmann.app.android,tracking,unnecessarily_declared
de.rossmann.app.android,ads,unnecessarily_declared
com.ubercab.eats,tracking,unnecessarily_declared
com.ubercab.eats,ads,unnecessarily_declared
com.what3words.android,tracking,unnecessarily_declared
com.what3words.android,ads,correctly_undeclared
com.wetter.androidclient,tracking,unnecessarily_declared
com.wetter.androidclient,ads,unnecessarily_declared
in.sweatco.app,tracking,unnecessarily_declared
in.sweatco.app,ads,unnecessarily_declared
com.steuerbot,tracking,unnecessarily_declared
com.steuerbot,ads,unnecessarily_declared
de.hafas.android.db,tracking,unnecessarily_declared
de.hafas.android.db,ads,unnecessarily_declared
de.meinprospekt.android,tracking,unnecessarily_declared
de.meinprospekt.android,ads,unnecessarily_declared
de.nextbike,tracking,correctly_declared
de.nextbike,ads,unnecessarily_declared
com.revolut.revolut,tracking,correctly_declared
com.revolut.revolut,ads,unnecessarily_declared
musicplayer.musicapps.music.mp3player,tracking,unnecessarily_declared
musicplayer.musicapps.music.mp3player,ads,correctly_undeclared
de.ghs.gmh,tracking,correctly_undeclared
de.ghs.gmh,ads,unnecessarily_declared
com.vitotechnology.StarWalk2Free,tracking,correctly_declared
com.vitotechnology.StarWalk2Free,ads,correctly_declared
com.canda.mobileapp,tracking,correctly_declared
com.canda.mobileapp,ads,unnecessarily_declared
com.microblink.photomath,tracking,correctly_declared
com.microblink.photomath,ads,unnecessarily_declared
com.free.vpn.super.hotspot.open,tracking,unnecessarily_declared
com.free.vpn.super.hotspot.open,ads,unnecessarily_declared
de.dominos.android,tracking,unnecessarily_declared
de.dominos.android,ads,unnecessarily_declared
qrcodescanner.barcodescanner.qrscanner.qrcodereader,tracking,unnecessarily_declared
qrcodescanner.barcodescanner.qrscanner.qrcodereader,ads,correctly_undeclared
com.whatsapp,tracking,unnecessarily_declared
com.whatsapp,ads,unnecessarily_declared
de.heute.mobile,tracking,unnecessarily_declared
de.heute.mobile,ads,correctly_undeclared
epson.print,tracking,unnecessarily_declared
epson.print,ads,correctly_undeclared
de.blitzer,tracking,unnecessarily_declared
de.blitzer,ads,correctly_undeclared
com.snapchat.android,tracking,unnecessarily_declared
com.snapchat.android,ads,unnecessarily_declared
com.smule.singandroid,tracking,unnecessarily_declared
com.smule.singandroid,ads,unnecessarily_declared
se.parkster.client.android,tracking,correctly_declared
se.parkster.client.android,ads,correctly_undeclared
com.google.android.apps.dynamite,tracking,unnecessarily_declared
com.google.android.apps.dynamite,ads,correctly_undeclared
com.supermine.mod,tracking,correctly_undeclared
com.supermine.mod,ads,correctly_undeclared
com.yapp.voicecameratranslator,tracking,wrongly_undeclared
com.yapp.voicecameratranslator,ads,wrongly_undeclared
com.badoo.mobile,tracking,unnecessarily_declared
com.badoo.mobile,ads,unnecessarily_declared
de.sky.bw,tracking,correctly_declared
de.sky.bw,ads,unnecessarily_declared
com.falk.fietsroutes.app,tracking,wrongly_undeclared
com.falk.fietsroutes.app,ads,wrongly_undeclared
com.amazon.clouddrive.photos,tracking,unnecessarily_declared
com.amazon.clouddrive.photos,ads,unnecessarily_declared
com.snipes,tracking,unnecessarily_declared
com.snipes,ads,unnecessarily_declared
com.nike.omega,tracking,correctly_declared
com.nike.omega,ads,unnecessarily_declared
ru.innim.my_finance,tracking,correctly_declared
ru.innim.my_finance,ads,correctly_declared
de.apptiv.business.android.aldi_de,tracking,unnecessarily_declared
de.apptiv.business.android.aldi_de,ads,unnecessarily_declared
com.yazio.android,tracking,unnecessarily_declared
com.yazio.android,ads,unnecessarily_declared
de.knowunity.app,tracking,unnecessarily_declared
de.knowunity.app,ads,correctly_undeclared
de.mcdonalds.mcdonaldsinfoapp,tracking,unnecessarily_declared
de.mcdonalds.mcdonaldsinfoapp,ads,unnecessarily_declared
com.douglas.main,tracking,unnecessarily_declared
com.douglas.main,ads,unnecessarily_declared
com.instagram.android,tracking,unnecessarily_declared
com.instagram.android,ads,unnecessarily_declared
com.joom,tracking,unnecessarily_declared
com.joom,ads,unnecessarily_declared
com.shazam.android,tracking,correctly_declared
com.shazam.android,ads,correctly_undeclared
com.adobe.reader,tracking,correctly_declared
com.adobe.reader,ads,unnecessarily_declared
com.abdullah.sttuadul,tracking,correctly_undeclared
com.abdullah.sttuadul,ads,wrongly_undeclared
com.camerasideas.instashot,tracking,correctly_declared
com.camerasideas.instashot,ads,unnecessarily_declared
com.google.android.apps.docs.editors.docs,tracking,unnecessarily_declared
com.google.android.apps.docs.editors.docs,ads,correctly_undeclared
com.Plus500,tracking,unnecessarily_declared
com.Plus500,ads,unnecessarily_declared
com.xplora.xplorao2o,tracking,correctly_undeclared
com.xplora.xplorao2o,ads,correctly_undeclared
com.lift.cleaner,tracking,unnecessarily_declared
com.lift.cleaner,ads,correctly_undeclared
com.appsinnova.android.keepbooster,tracking,correctly_declared
com.appsinnova.android.keepbooster,ads,correctly_declared
com.opodo.reisen,tracking,unnecessarily_declared
com.opodo.reisen,ads,unnecessarily_declared
com.dailyyoga.inc,tracking,unnecessarily_declared
com.dailyyoga.inc,ads,unnecessarily_declared
photoeditor.layout.collagemaker,tracking,unnecessarily_declared
photoeditor.layout.collagemaker,ads,correctly_undeclared
org.klimabuendnis.Stadtradeln,tracking,unnecessarily_declared
org.klimabuendnis.Stadtradeln,ads,correctly_undeclared
com.audible.application,tracking,unnecessarily_declared
com.audible.application,ads,unnecessarily_declared
com.flightradar24free,tracking,correctly_undeclared
com.flightradar24free,ads,correctly_undeclared
com.myfitnesspal.android,tracking,unnecessarily_declared
com.myfitnesspal.android,ads,unnecessarily_declared
de.eos.uptrade.android.fahrinfo.berlin,tracking,unnecessarily_declared
de.eos.uptrade.android.fahrinfo.berlin,ads,correctly_undeclared
de.dwins.financeguru,tracking,unnecessarily_declared
de.dwins.financeguru,ads,unnecessarily_declared
com.crunchyroll.crunchyroid,tracking,correctly_declared
com.crunchyroll.crunchyroid,ads,unnecessarily_declared
de.datev.timp,tracking,unnecessarily_declared
de.datev.timp,ads,correctly_undeclared
com.vitotechnology.sky.tonight.map.star.walk,tracking,correctly_declared
com.vitotechnology.sky.tonight.map.star.walk,ads,correctly_declared
de.penny.app,tracking,correctly_undeclared
de.penny.app,ads,correctly_undeclared
com.tb.mobiclean,tracking,correctly_declared
com.tb.mobiclean,ads,correctly_declared
free.translate.all.language.translator,tracking,wrongly_undeclared
free.translate.all.language.translator,ads,wrongly_undeclared
works.jubilee.timetree,tracking,unnecessarily_declared
works.jubilee.timetree,ads,unnecessarily_declared
de.zasta.app,tracking,unnecessarily_declared
de.zasta.app,ads,unnecessarily_declared
de.clark.app,tracking,unnecessarily_declared
de.clark.app,ads,unnecessarily_declared
de.motain.iliga,tracking,unnecessarily_declared
de.motain.iliga,ads,unnecessarily_declared
com.tier.app,tracking,unnecessarily_declared
com.tier.app,ads,unnecessarily_declared
de.immowelt.android.immobiliensuche,tracking,unnecessarily_declared
de.immowelt.android.immobiliensuche,ads,unnecessarily_declared
com.noctuasoftware.stellarium_free,tracking,correctly_undeclared
com.noctuasoftware.stellarium_free,ads,correctly_undeclared
com.google.earth,tracking,unnecessarily_declared
com.google.earth,ads,unnecessarily_declared
com.tomtom.gplay.navapp,tracking,unnecessarily_declared
com.tomtom.gplay.navapp,ads,correctly_undeclared
com.yopeso.lieferando,tracking,unnecessarily_declared
com.yopeso.lieferando,ads,unnecessarily_declared
com.vialsoft.radarbot_free,tracking,unnecessarily_declared
com.vialsoft.radarbot_free,ads,unnecessarily_declared
de.toggo,tracking,unnecessarily_declared
de.toggo,ads,unnecessarily_declared
com.google.android.apps.translate,tracking,unnecessarily_declared
com.google.android.apps.translate,ads,correctly_undeclared
de.eventim.mobile.app.Android,tracking,unnecessarily_declared
de.eventim.mobile.app.Android,ads,unnecessarily_declared
com.camerasideas.trimmer,tracking,correctly_declared
com.camerasideas.trimmer,ads,unnecessarily_declared
app.dogorama,tracking,unnecessarily_declared
app.dogorama,ads,unnecessarily_declared
online.passportphoto.visa.id.app,tracking,correctly_declared
online.passportphoto.visa.id.app,ads,correctly_undeclared
com.google.android.apps.docs.editors.sheets,tracking,unnecessarily_declared
com.google.android.apps.docs.editors.sheets,ads,correctly_undeclared
app.celebrate.celpho,tracking,unnecessarily_declared
app.celebrate.celpho,ads,correctly_undeclared
com.voghion.app,tracking,unnecessarily_declared
com.voghion.app,ads,correctly_undeclared
com.pickery.app,tracking,correctly_declared
com.pickery.app,ads,unnecessarily_declared
com.enbw.ev,tracking,unnecessarily_declared
com.enbw.ev,ads,unnecessarily_declared
com.opera.browser,tracking,unnecessarily_declared
com.opera.browser,ads,unnecessarily_declared
free.mp3.music.downloader.download.music.mp3.song.app,tracking,correctly_undeclared
free.mp3.music.downloader.download.music.mp3.song.app,ads,correctly_undeclared
com.microsoft.office.outlook,tracking,unnecessarily_declared
com.microsoft.office.outlook,ads,unnecessarily_declared
com.google.android.apps.nbu.files,tracking,unnecessarily_declared
com.google.android.apps.nbu.files,ads,correctly_undeclared
io.cleanfox.android,tracking,unnecessarily_declared
io.cleanfox.android,ads,unnecessarily_declared
com.grupet.web.app,tracking,correctly_undeclared
com.grupet.web.app,ads,correctly_undeclared
de.rewe.app.mobile,tracking,correctly_declared
de.rewe.app.mobile,ads,unnecessarily_declared
de.dfbmedien.FussballDE,tracking,unnecessarily_declared
de.dfbmedien.FussballDE,ads,correctly_declared
com.floraincognita.app.floraincognita,tracking,correctly_undeclared
com.floraincognita.app.floraincognita,ads,correctly_undeclared
com.avast.android.mobilesecurity,tracking,unnecessarily_declared
com.avast.android.mobilesecurity,ads,unnecessarily_declared
app.feelsy,tracking,unnecessarily_declared
app.feelsy,ads,unnecessarily_declared
com.cherrycoop.canary.cccleaner,tracking,correctly_undeclared
com.cherrycoop.canary.cccleaner,ads,correctly_undeclared
com.stepstone.borowf01,tracking,unnecessarily_declared
com.stepstone.borowf01,ads,unnecessarily_declared
de.gematik.ti.erp.app,tracking,unnecessarily_declared
de.gematik.ti.erp.app,ads,correctly_undeclared
de.dhl.paket,tracking,unnecessarily_declared
de.dhl.paket,ads,correctly_undeclared
com.mcdonalds.mobileapp,tracking,correctly_declared
com.mcdonalds.mobileapp,ads,unnecessarily_declared
de.babymarkt.app,tracking,correctly_undeclared
de.babymarkt.app,ads,correctly_undeclared
de.ingdiba.bankingapp,tracking,unnecessarily_declared
de.ingdiba.bankingapp,ads,unnecessarily_declared
com.google.android.apps.fitness,tracking,unnecessarily_declared
com.google.android.apps.fitness,ads,correctly_undeclared
losebellyfat.flatstomach.absworkout.fatburning,tracking,correctly_declared
losebellyfat.flatstomach.absworkout.fatburning,ads,wrongly_undeclared
com.fiba.eurobasket,tracking,unnecessarily_declared
com.fiba.eurobasket,ads,correctly_undeclared
com.azure.authenticator,tracking,correctly_undeclared
com.azure.authenticator,ads,correctly_undeclared
com.thetrainline,tracking,unnecessarily_declared
com.thetrainline,ads,unnecessarily_declared
com.alldocument.fileviewer.documentreader,tracking,wrongly_undeclared
com.alldocument.fileviewer.documentreader,ads,wrongly_undeclared
com.entersekt.authapp.sparkasse,tracking,correctly_undeclared
com.entersekt.authapp.sparkasse,ads,correctly_undeclared
mentz.com.vrr_cibo_app,tracking,unnecessarily_declared
mentz.com.vrr_cibo_app,ads,correctly_undeclared
com.avg.cleaner,tracking,correctly_declared
com.avg.cleaner,ads,unnecessarily_declared
com.facebook.lite,tracking,unnecessarily_declared
com.facebook.lite,ads,unnecessarily_declared
co.hinge.app,tracking,correctly_declared
co.hinge.app,ads,unnecessarily_declared
com.microsoft.office.onenote,tracking,unnecessarily_declared
com.microsoft.office.onenote,ads,correctly_undeclared
com.viber.voip,tracking,unnecessarily_declared
com.viber.voip,ads,unnecessarily_declared
bloodpressure.bloodpressureapp.bloodpressuretracker,tracking,correctly_declared
bloodpressure.bloodpressureapp.bloodpressuretracker,ads,correctly_declared
com.dkbcodefactory.banking,tracking,unnecessarily_declared
com.dkbcodefactory.banking,ads,correctly_undeclared
de.mwwebwork.benzinpreisblitz,tracking,unnecessarily_declared
de.mwwebwork.benzinpreisblitz,ads,unnecessarily_declared
com.untis.chat,tracking,unnecessarily_declared
com.untis.chat,ads,correctly_undeclared
com.fineart.universal.tv.remote.control,tracking,correctly_declared
com.fineart.universal.tv.remote.control,ads,correctly_declared
org.videolan.vlc,tracking,correctly_undeclared
org.videolan.vlc,ads,correctly_undeclared
com.adobe.scan.android,tracking,unnecessarily_declared
com.adobe.scan.android,ads,correctly_undeclared
com.cherrycoop.and.ccfilemanager,tracking,correctly_undeclared
com.cherrycoop.and.ccfilemanager,ads,correctly_undeclared
com.requapp.requ,tracking,unnecessarily_declared
com.requapp.requ,ads,correctly_undeclared
com.facebook.katana,tracking,unnecessarily_declared
com.facebook.katana,ads,unnecessarily_declared
com.amazon.avod.thirdpartyclient,tracking,unnecessarily_declared
com.amazon.avod.thirdpartyclient,ads,unnecessarily_declared
com.solocode.anton,tracking,unnecessarily_declared
com.solocode.anton,ads,correctly_undeclared
com.lenovo.anyshare.gps,tracking,unnecessarily_declared
com.lenovo.anyshare.gps,ads,unnecessarily_declared
online.cashemall.app,tracking,unnecessarily_declared
online.cashemall.app,ads,unnecessarily_declared
com.teacapps.barcodescanner,tracking,unnecessarily_declared
com.teacapps.barcodescanner,ads,unnecessarily_declared
com.alltrails.alltrails,tracking,unnecessarily_declared
com.alltrails.alltrails,ads,unnecessarily_declared
video.like,tracking,unnecessarily_declared
video.like,ads,unnecessarily_declared
com.huami.watch.hmwatchmanager,tracking,unnecessarily_declared
com.huami.watch.hmwatchmanager,ads,unnecessarily_declared
de.zalando.lounge,tracking,unnecessarily_declared
de.zalando.lounge,ads,unnecessarily_declared
org.spielerplus.web,tracking,unnecessarily_declared
org.spielerplus.web,ads,unnecessarily_declared
de.avm.android.myfritz2,tracking,unnecessarily_declared
de.avm.android.myfritz2,ads,correctly_undeclared
de.toggolino.videos,tracking,correctly_undeclared
de.toggolino.videos,ads,correctly_undeclared
com.ptvag.android.adacgasprices,tracking,unnecessarily_declared
com.ptvag.android.adacgasprices,ads,correctly_undeclared
de.komoot.android,tracking,correctly_declared
de.komoot.android,ads,unnecessarily_declared
de.sec.mobile,tracking,unnecessarily_declared
de.sec.mobile,ads,unnecessarily_declared
com.booking,tracking,unnecessarily_declared
com.booking,ads,unnecessarily_declared
com.backmarket,tracking,correctly_declared
com.backmarket,ads,correctly_undeclared
com.pinterest.twa,tracking,correctly_declared
com.pinterest.twa,ads,unnecessarily_declared
de.swr.avp.ard,tracking,correctly_declared
de.swr.avp.ard,ads,correctly_undeclared
de.obi.app,tracking,unnecessarily_declared
de.obi.app,ads,unnecessarily_declared
com.fressnapf.mobileapp,tracking,unnecessarily_declared
com.fressnapf.mobileapp,ads,unnecessarily_declared
de.edeka.genuss,tracking,unnecessarily_declared
de.edeka.genuss,ads,unnecessarily_declared
com.etsy.android,tracking,unnecessarily_declared
com.etsy.android,ads,correctly_undeclared
com.ebay.kleinanzeigen,tracking,correctly_declared
com.ebay.kleinanzeigen,ads,correctly_declared
com.translate.all.languages.translator.free.voice.translation,tracking,correctly_undeclared
com.translate.all.languages.translator.free.voice.translation,ads,correctly_undeclared
de.idnow,tracking,unnecessarily_declared
de.idnow,ads,correctly_undeclared
com.alibaba.intl.android.apps.poseidon,tracking,unnecessarily_declared
com.alibaba.intl.android.apps.poseidon,ads,unnecessarily_declared
no.mobitroll.kahoot.android,tracking,correctly_declared
no.mobitroll.kahoot.android,ads,correctly_undeclared
com.translate.talkingtranslator,tracking,correctly_declared
com.translate.talkingtranslator,ads,correctly_declared
at.helloagain.muellerde,tracking,unnecessarily_declared
at.helloagain.muellerde,ads,unnecessarily_declared
omegle.tv,tracking,unnecessarily_declared
omegle.tv,ads,wrongly_undeclared
de.tui.meinetui,tracking,wrongly_undeclared
de.tui.meinetui,ads,correctly_undeclared
com.facebook.orca,tracking,unnecessarily_declared
com.facebook.orca,ads,unnecessarily_declared
com.supervpn.vpn.free.proxy,tracking,correctly_undeclared
com.supervpn.vpn.free.proxy,ads,correctly_undeclared
com.myklarnamobile,tracking,unnecessarily_declared
com.myklarnamobile,ads,unnecessarily_declared
app.prematch,tracking,unnecessarily_declared
app.prematch,ads,unnecessarily_declared
com.zhiliao.musically.livewallpaper,tracking,unnecessarily_declared
com.zhiliao.musically.livewallpaper,ads,correctly_undeclared
com.kaufland.Kaufland,tracking,unnecessarily_declared
com.kaufland.Kaufland,ads,unnecessarily_declared
com.graph.weather.forecast.channel,tracking,correctly_undeclared
com.graph.weather.forecast.channel,ads,correctly_undeclared
com.amazon.mShop.android.shopping,tracking,unnecessarily_declared
com.amazon.mShop.android.shopping,ads,unnecessarily_declared
online.appflame.app,tracking,unnecessarily_declared
online.appflame.app,ads,unnecessarily_declared
sixpack.sixpackabs.absworkout,tracking,correctly_declared
sixpack.sixpackabs.absworkout,ads,wrongly_undeclared
com.codeway.wonder,tracking,correctly_declared
com.codeway.wonder,ads,correctly_declared
de.barmergek.serviceapp,tracking,unnecessarily_declared
de.barmergek.serviceapp,ads,correctly_undeclared
com.tippingcanoe.mydealz,tracking,unnecessarily_declared
com.tippingcanoe.mydealz,ads,unnecessarily_declared
de.wetteronline.wetterapp,tracking,unnecessarily_declared
de.wetteronline.wetterapp,ads,correctly_declared
us.zoom.videomeetings,tracking,unnecessarily_declared
us.zoom.videomeetings,ads,correctly_undeclared
de.tagesschau,tracking,correctly_undeclared
de.tagesschau,ads,correctly_undeclared
com.niksoftware.snapseed,tracking,unnecessarily_declared
com.niksoftware.snapseed,ads,correctly_undeclared
com.germanwings.android,tracking,correctly_undeclared
com.germanwings.android,ads,correctly_undeclared
de.telekom.entertaintv.smartphone,tracking,correctly_undeclared
de.telekom.entertaintv.smartphone,ads,correctly_undeclared
qtstudio.minecraft.modsforminecraftpe,tracking,wrongly_undeclared
qtstudio.minecraft.modsforminecraftpe,ads,wrongly_undeclared
pdf.reader.pdfreader.pdfviewer.pdfreaderfree,tracking,correctly_undeclared
pdf.reader.pdfreader.pdfviewer.pdfreaderfree,ads,correctly_undeclared
de.deutschepost.postident,tracking,correctly_undeclared
de.deutschepost.postident,ads,correctly_undeclared
com.twitter.android,tracking,unnecessarily_declared
com.twitter.android,ads,unnecessarily_declared
jbl.stc.com,tracking,correctly_undeclared
jbl.stc.com,ads,correctly_undeclared
life.channel.accurate.local.weather.forecast,tracking,unnecessarily_declared
life.channel.accurate.local.weather.forecast,ads,unnecessarily_declared
com.sweet.boost.deepcleaner,tracking,wrongly_undeclared
com.sweet.boost.deepcleaner,ads,wrongly_undeclared
de.taxfix,tracking,correctly_declared
de.taxfix,ads,unnecessarily_declared
org.plantnet,tracking,wrongly_undeclared
org.plantnet,ads,correctly_undeclared
com.picnic.android,tracking,unnecessarily_declared
com.picnic.android,ads,unnecessarily_declared
com.appblockgames.freecraftexploration,tracking,correctly_declared
com.appblockgames.freecraftexploration,ads,correctly_declared
com.marktguru.mg2.de,tracking,unnecessarily_declared
com.marktguru.mg2.de,ads,unnecessarily_declared
com.app.tgtg,tracking,unnecessarily_declared
com.app.tgtg,ads,unnecessarily_declared
com.outfit7.talkingben,tracking,correctly_declared
com.outfit7.talkingben,ads,correctly_declared
com.distimo.phoneguardian,tracking,unnecessarily_declared
com.distimo.phoneguardian,ads,correctly_undeclared
de.sgdynamodresden.dynamodresden,tracking,correctly_undeclared
de.sgdynamodresden.dynamodresden,ads,correctly_undeclared
com.shaiban.audioplayer.mplayer,tracking,unnecessarily_declared
com.shaiban.audioplayer.mplayer,ads,unnecessarily_declared
com.bravo.booster,tracking,correctly_declared
com.bravo.booster,ads,correctly_declared
de.zalando.mobile,tracking,unnecessarily_declared
de.zalando.mobile,ads,unnecessarily_declared
com.camscanner.documentscanner.pdfscanner.textscanner.photos.scanner,tracking,correctly_undeclared
com.camscanner.documentscanner.pdfscanner.textscanner.photos.scanner,ads,correctly_undeclared
de.itech_gmbh.meinlaborergebnis,tracking,unnecessarily_declared
de.itech_gmbh.meinlaborergebnis,ads,correctly_undeclared
de.heinekingmedia.dsbmobile,tracking,correctly_undeclared
de.heinekingmedia.dsbmobile,ads,correctly_undeclared
com.wolt.android,tracking,unnecessarily_declared
com.wolt.android,ads,unnecessarily_declared
com.outdooractive.Outdooractive,tracking,unnecessarily_declared
com.outdooractive.Outdooractive,ads,correctly_undeclared
pdfreader.pdfviewer.officetool.pdfscanner,tracking,wrongly_undeclared
pdfreader.pdfviewer.officetool.pdfscanner,ads,wrongly_undeclared
org.iggymedia.periodtracker,tracking,unnecessarily_declared
org.iggymedia.periodtracker,ads,unnecessarily_declared
com.asos.app,tracking,correctly_declared
com.asos.app,ads,unnecessarily_declared
de.dm.meindm.android,tracking,unnecessarily_declared
de.dm.meindm.android,ads,unnecessarily_declared
com.google.android.apps.chromecast.app,tracking,unnecessarily_declared
com.google.android.apps.chromecast.app,ads,unnecessarily_declared
com.lightinthebox.android,tracking,correctly_declared
com.lightinthebox.android,ads,correctly_undeclared
free.video.downloader.converter.music,tracking,wrongly_undeclared
free.video.downloader.converter.music,ads,correctly_undeclared
com.comuto,tracking,unnecessarily_declared
com.comuto,ads,unnecessarily_declared
com.ztnstudio.notepad,tracking,unnecessarily_declared
com.ztnstudio.notepad,ads,unnecessarily_declared
com.paybyphone,tracking,unnecessarily_declared
com.paybyphone,ads,unnecessarily_declared
app.android.qrscanner,tracking,correctly_declared
app.android.qrscanner,ads,correctly_declared
net.easypark.android,tracking,correctly_declared
net.easypark.android,ads,unnecessarily_declared
de.aldiNord.android,tracking,unnecessarily_declared
de.aldiNord.android,ads,unnecessarily_declared
com.xiaomi.wearable,tracking,unnecessarily_declared
com.xiaomi.wearable,ads,correctly_undeclared
eu.livesport.FlashScore_com,tracking,unnecessarily_declared
eu.livesport.FlashScore_com,ads,unnecessarily_declared
com.quizlet.quizletandroid,tracking,unnecessarily_declared
com.quizlet.quizletandroid,ads,unnecessarily_declared
fr.doctolib.www,tracking,unnecessarily_declared
fr.doctolib.www,ads,correctly_undeclared
com.soomapps.screenmirroring,tracking,wrongly_undeclared
com.soomapps.screenmirroring,ads,wrongly_undeclared
org.laytops.securedcleaner,tracking,correctly_declared
org.laytops.securedcleaner,ads,correctly_declared
de.metro.alex.customer.digitalcard.metro,tracking,unnecessarily_declared
de.metro.alex.customer.digitalcard.metro,ads,correctly_undeclared
de.materna.bbk.mobile.app,tracking,unnecessarily_declared
de.materna.bbk.mobile.app,ads,correctly_undeclared
com.sixt.reservation,tracking,correctly_declared
com.sixt.reservation,ads,unnecessarily_declared
de.mobilesoftwareag.clevertanken,tracking,unnecessarily_declared
de.mobilesoftwareag.clevertanken,ads,correctly_undeclared
com.mxxtech.easyscan,tracking,correctly_declared
com.mxxtech.easyscan,ads,correctly_declared
com.adidas.app,tracking,unnecessarily_declared
com.adidas.app,ads,correctly_undeclared
com.lidl.eci.lidlplus,tracking,unnecessarily_declared
com.lidl.eci.lidlplus,ads,unnecessarily_declared
co.bird.android,tracking,correctly_declared
co.bird.android,ads,unnecessarily_declared
com.sec.android.easyMover,tracking,unnecessarily_declared
com.sec.android.easyMover,ads,correctly_undeclared
com.netbiscuits.kicker,tracking,correctly_declared
com.netbiscuits.kicker,ads,correctly_declared
com.google.ar.lens,tracking,unnecessarily_declared
com.google.ar.lens,ads,unnecessarily_declared
org.mozilla.firefox,tracking,unnecessarily_declared
org.mozilla.firefox,ads,correctly_undeclared
com.popularapp.periodcalendar,tracking,unnecessarily_declared
com.popularapp.periodcalendar,ads,correctly_undeclared
com.dazn,tracking,unnecessarily_declared
com.dazn,ads,unnecessarily_declared
com.mobility_trader_gmbh.heycar,tracking,unnecessarily_declared
com.mobility_trader_gmbh.heycar,ads,unnecessarily_declared
com.vacationrentals.homeaway,tracking,correctly_declared
com.vacationrentals.homeaway,ads,correctly_undeclared
tv.twitch.android.app,tracking,unnecessarily_declared
tv.twitch.android.app,ads,unnecessarily_declared
mobile.expert.app,tracking,unnecessarily_declared
mobile.expert.app,ads,unnecessarily_declared
com.kfc.de.mobileapp,tracking,wrongly_undeclared
com.kfc.de.mobileapp,ads,correctly_undeclared
cn.danatech.xingseus,tracking,unnecessarily_declared
cn.danatech.xingseus,ads,unnecessarily_declared
sg.bigo.live,tracking,correctly_undeclared
sg.bigo.live,ads,correctly_undeclared
com.studysmarter,tracking,unnecessarily_declared
com.studysmarter,ads,unnecessarily_declared
phonecleaner.androidmaster.cleanupspace.phone.booster,tracking,wrongly_undeclared
phonecleaner.androidmaster.cleanupspace.phone.booster,ads,correctly_undeclared
com.truedevelopersstudio.automatictap.autoclicker,tracking,unnecessarily_declared
com.truedevelopersstudio.automatictap.autoclicker,ads,unnecessarily_declared
com.appswing.qr.barcodescanner.barcodereader,tracking,correctly_undeclared
com.appswing.qr.barcodescanner.barcodereader,ads,wrongly_undeclared
com.canva.editor,tracking,wrongly_undeclared
com.canva.editor,ads,unnecessarily_declared
com.deepl.mobiletranslator,tracking,correctly_undeclared
com.deepl.mobiletranslator,ads,correctly_undeclared
com.weather.forecast.weatherchannel,tracking,correctly_undeclared
com.weather.forecast.weatherchannel,ads,correctly_undeclared
com.bitstrips.imoji,tracking,unnecessarily_declared
com.bitstrips.imoji,ads,correctly_undeclared
com.lemon.lvoverseas,tracking,unnecessarily_declared
com.lemon.lvoverseas,ads,correctly_undeclared
com.audiomack,tracking,unnecessarily_declared
com.audiomack,ads,unnecessarily_declared
com.moodle.moodlemobile,tracking,correctly_undeclared
com.moodle.moodlemobile,ads,correctly_undeclared
io.gonative.android.pmqloj,tracking,unnecessarily_declared
io.gonative.android.pmqloj,ads,unnecessarily_declared
com.medion.alditalkactivation,tracking,correctly_undeclared
com.medion.alditalkactivation,ads,correctly_undeclared
de.sky.online,tracking,correctly_undeclared
de.sky.online,ads,correctly_undeclared
io.walletpasses.android,tracking,correctly_undeclared
io.walletpasses.android,ads,correctly_undeclared
com.facebook.mlite,tracking,unnecessarily_declared
com.facebook.mlite,ads,unnecessarily_declared
com.fitbit.FitbitMobile,tracking,unnecessarily_declared
com.fitbit.FitbitMobile,ads,unnecessarily_declared
com.engro.cleanerforsns,tracking,correctly_declared
com.engro.cleanerforsns,ads,correctly_declared
net.lovoo.android,tracking,unnecessarily_declared
net.lovoo.android,ads,unnecessarily_declared
com.adobe.lrmobile,tracking,correctly_declared
com.adobe.lrmobile,ads,unnecessarily_declared
com.hm.goe,tracking,correctly_declared
com.hm.goe,ads,unnecessarily_declared
free.vpn.unblock.proxy.turbovpn,tracking,unnecessarily_declared
free.vpn.unblock.proxy.turbovpn,ads,unnecessarily_declared
ch.publisheria.bring,tracking,unnecessarily_declared
ch.publisheria.bring,ads,unnecessarily_declared
com.screen.mirroring.tv.cast.remote,tracking,wrongly_undeclared
com.screen.mirroring.tv.cast.remote,ads,wrongly_undeclared
com.bereal.ft,tracking,unnecessarily_declared
com.bereal.ft,ads,correctly_undeclared
de.radio.android,tracking,unnecessarily_declared
de.radio.android,ads,correctly_declared
de.buhl.steuerphone,tracking,unnecessarily_declared
de.buhl.steuerphone,ads,unnecessarily_declared
com.documentscan.simplescan.scanpdf,tracking,correctly_declared
com.documentscan.simplescan.scanpdf,ads,wrongly_undeclared
com.bjoernbartels.mylove,tracking,correctly_undeclared
com.bjoernbartels.mylove,ads,wrongly_undeclared
com.crrepa.band.dafit,tracking,unnecessarily_declared
com.crrepa.band.dafit,ads,correctly_undeclared
de.lidlconnect.android,tracking,unnecessarily_declared
de.lidlconnect.android,ads,correctly_undeclared
qrcodereader.barcodescanner.scan.qrscanner,tracking,unnecessarily_declared
qrcodereader.barcodescanner.scan.qrscanner,ads,wrongly_undeclared
com.babbel.mobile.android.en,tracking,correctly_declared
com.babbel.mobile.android.en,ads,unnecessarily_declared
com.digidust.elokence.akinator.freemium,tracking,unnecessarily_declared
com.digidust.elokence.akinator.freemium,ads,unnecessarily_declared
com.saramart.android,tracking,unnecessarily_declared
com.saramart.android,ads,unnecessarily_declared
com.ruuky.app,tracking,unnecessarily_declared
com.ruuky.app,ads,unnecessarily_declared
com.picsart.studio,tracking,correctly_declared
com.picsart.studio,ads,unnecessarily_declared
co.gocrush,tracking,unnecessarily_declared
co.gocrush,ads,unnecessarily_declared
com.intsig.camscanner,tracking,correctly_declared
com.intsig.camscanner,ads,unnecessarily_declared
de.payback.client.android,tracking,correctly_declared
de.payback.client.android,ads,unnecessarily_declared
com.microsoft.teams,tracking,unnecessarily_declared
com.microsoft.teams,ads,correctly_undeclared
com.nect.app.prod,tracking,unnecessarily_declared
com.nect.app.prod,ads,correctly_undeclared
com.microsoft.appmanager,tracking,correctly_declared
com.microsoft.appmanager,ads,correctly_undeclared
com.drilens.wamr,tracking,correctly_undeclared
com.drilens.wamr,ads,correctly_undeclared
com.reddit.frontpage,tracking,correctly_declared
com.reddit.frontpage,ads,unnecessarily_declared
de.deutschebahn.bahnhoflive,tracking,correctly_undeclared
de.deutschebahn.bahnhoflive,ads,correctly_undeclared
com.spotify.music,tracking,unnecessarily_declared
com.spotify.music,ads,unnecessarily_declared
shop.shop_apotheke.com.shopapotheke,tracking,unnecessarily_declared
shop.shop_apotheke.com.shopapotheke,ads,unnecessarily_declared
com.sleepmonitor.aio,tracking,unnecessarily_declared
com.sleepmonitor.aio,ads,correctly_declared
com.rewedigital.shop,tracking,correctly_declared
com.rewedigital.shop,ads,unnecessarily_declared
com.style.sticker,tracking,unnecessarily_declared
com.style.sticker,ads,wrongly_undeclared
com.antivirus,tracking,correctly_declared
com.antivirus,ads,unnecessarily_declared
com.disney.disneyplus,tracking,unnecessarily_declared
com.disney.disneyplus,ads,unnecessarily_declared
de.avm.android.wlanapp,tracking,unnecessarily_declared
de.avm.android.wlanapp,ads,correctly_undeclared
de.prosiebensat1digital.seventv,tracking,correctly_declared
de.prosiebensat1digital.seventv,ads,unnecessarily_declared
com.Splitwise.SplitwiseMobile,tracking,unnecessarily_declared
com.Splitwise.SplitwiseMobile,ads,correctly_undeclared
com.oneandone.controlcenter,tracking,unnecessarily_declared
com.oneandone.controlcenter,ads,unnecessarily_declared
de.dmhub.audionow,tracking,wrongly_undeclared
de.dmhub.audionow,ads,correctly_undeclared
com.nordvpn.android,tracking,correctly_declared
com.nordvpn.android,ads,correctly_undeclared
photo.editor.photoeditor.photoeditorpro,tracking,unnecessarily_declared
photo.editor.photoeditor.photoeditorpro,ads,correctly_undeclared
com.hellofresh.androidapp,tracking,unnecessarily_declared
com.hellofresh.androidapp,ads,unnecessarily_declared
com.media.markt,tracking,unnecessarily_declared
com.media.markt,ads,unnecessarily_declared
de.telekom.android.customercenter,tracking,unnecessarily_declared
de.telekom.android.customercenter,ads,unnecessarily_declared
trendyol.com,tracking,unnecessarily_declared
trendyol.com,ads,unnecessarily_declared
pedometer.steptracker.calorieburner.stepcounter,tracking,unnecessarily_declared
pedometer.steptracker.calorieburner.stepcounter,ads,wrongly_undeclared
com.meditation.deepsleep.relax,tracking,unnecessarily_declared
com.meditation.deepsleep.relax,ads,correctly_declared
net.filerecover.app,tracking,correctly_declared
net.filerecover.app,ads,correctly_declared
com.inditex.zara,tracking,correctly_declared
com.inditex.zara,ads,correctly_undeclared
net.zedge.android,tracking,unnecessarily_declared
net.zedge.android,ads,unnecessarily_declared
com.bonial.kaufda,tracking,unnecessarily_declared
com.bonial.kaufda,ads,unnecessarily_declared
loseweightapp.loseweightappforwomen.womenworkoutathome,tracking,correctly_declared
loseweightapp.loseweightappforwomen.womenworkoutathome,ads,wrongly_undeclared
de.exaring.waipu,tracking,unnecessarily_declared
de.exaring.waipu,ads,unnecessarily_declared
com.adsk.sketchbook,tracking,correctly_undeclared
com.adsk.sketchbook,ads,correctly_undeclared
com.amazon.kindle,tracking,unnecessarily_declared
com.amazon.kindle,ads,unnecessarily_declared
com.rain.super.security,tracking,correctly_undeclared
com.rain.super.security,ads,correctly_undeclared
com.google.android.apps.youtube.kids,tracking,unnecessarily_declared
com.google.android.apps.youtube.kids,ads,unnecessarily_declared
com.avira.android,tracking,unnecessarily_declared
com.avira.android,ads,unnecessarily_declared
org.telegram.messenger,tracking,correctly_undeclared
org.telegram.messenger,ads,correctly_undeclared
de.idealo.android,tracking,unnecessarily_declared
de.idealo.android,ads,unnecessarily_declared
com.whatsapp.w4b,tracking,unnecessarily_declared
com.whatsapp.w4b,ads,unnecessarily_declared
com.scee.psxandroid,tracking,unnecessarily_declared
com.scee.psxandroid,ads,unnecessarily_declared
com.cubic.cumo.android.rmv,tracking,correctly_undeclared
com.cubic.cumo.android.rmv,ads,correctly_undeclared
com.point4more.ios.tak.user.prod,tracking,unnecessarily_declared
com.point4more.ios.tak.user.prod,ads,unnecessarily_declared
de.baur.shop,tracking,correctly_declared
de.baur.shop,ads,unnecessarily_declared
bloodpressure.bloodpressureapppro.bloodpressureapp,tracking,correctly_declared
bloodpressure.bloodpressureapppro.bloodpressureapp,ads,wrongly_undeclared
com.sdui.sdui,tracking,correctly_undeclared
com.sdui.sdui,ads,correctly_undeclared
com.google.android.apps.authenticator2,tracking,unnecessarily_declared
com.google.android.apps.authenticator2,ads,correctly_undeclared
wp.wattpad,tracking,unnecessarily_declared
wp.wattpad,ads,unnecessarily_declared
com.memeandsticker.textsticker,tracking,unnecessarily_declared
com.memeandsticker.textsticker,ads,correctly_declared
yoshion.pictures.jigsaw,tracking,unnecessarily_declared
yoshion.pictures.jigsaw,ads,unnecessarily_declared
com.quvideo.xiaoying,tracking,unnecessarily_declared
com.quvideo.xiaoying,ads,unnecessarily_declared
com.pranksounds.appglobaltd,tracking,unnecessarily_declared
com.pranksounds.appglobaltd,ads,correctly_declared
com.pinterest,tracking,unnecessarily_declared
com.pinterest,ads,unnecessarily_declared
de.corporatebenefits.app,tracking,correctly_undeclared
de.corporatebenefits.app,ads,correctly_undeclared
homeworkout.homeworkouts.noequipment,tracking,unnecessarily_declared
homeworkout.homeworkouts.noequipment,ads,correctly_undeclared
de.gesund.app,tracking,unnecessarily_declared
de.gesund.app,ads,correctly_undeclared
com.app.booster.lite.phonecleaner.batterysaver.cleanmaster,tracking,unnecessarily_declared
com.app.booster.lite.phonecleaner.batterysaver.cleanmaster,ads,unnecessarily_declared
de.telekom.basketball,tracking,correctly_declared
de.telekom.basketball,ads,unnecessarily_declared
menloseweight.loseweightappformen.weightlossformen,tracking,correctly_declared
menloseweight.loseweightappformen.weightlossformen,ads,wrongly_undeclared
com.prequel.app,tracking,unnecessarily_declared
com.prequel.app,ads,correctly_undeclared
de.check24.check24,tracking,unnecessarily_declared
de.check24.check24,ads,correctly_undeclared
net.workout.lose.weight.fitness.fit.coach,tracking,unnecessarily_declared
net.workout.lose.weight.fitness.fit.coach,ads,unnecessarily_declared
de.flixbus.app,tracking,unnecessarily_declared
de.flixbus.app,ads,unnecessarily_declared
com.lufthansa.android.lufthansa,tracking,unnecessarily_declared
com.lufthansa.android.lufthansa,ads,unnecessarily_declared
eu.iserv.webapp,tracking,unnecessarily_declared
eu.iserv.webapp,ads,correctly_undeclared
com.wwdfe.goog.wizardingworld,tracking,unnecessarily_declared
com.wwdfe.goog.wizardingworld,ads,unnecessarily_declared
com.soundcloud.android,tracking,unnecessarily_declared
com.soundcloud.android,ads,unnecessarily_declared
com.tinder,tracking,unnecessarily_declared
com.tinder,ads,unnecessarily_declared
com.hp.android.printservice,tracking,unnecessarily_declared
com.hp.android.printservice,ads,correctly_undeclared
com.stayinformed.ka802800048782,tracking,unnecessarily_declared
com.stayinformed.ka802800048782,ads,correctly_undeclared
repost.share.instagram.videodownloader.photodownloader,tracking,unnecessarily_declared
repost.share.instagram.videodownloader.photodownloader,ads,correctly_undeclared
garden.plantura.app.main,tracking,unnecessarily_declared
garden.plantura.app.main,ads,unnecessarily_declared
de.nebenan.app,tracking,unnecessarily_declared
de.nebenan.app,ads,unnecessarily_declared
de.rki.covpass.app,tracking,correctly_undeclared
de.rki.covpass.app,ads,correctly_undeclared
io.voiapp.voi,tracking,correctly_declared
io.voiapp.voi,ads,unnecessarily_declared
com.waze,tracking,unnecessarily_declared
com.waze,ads,unnecessarily_declared
com.apple.movetoios,tracking,unnecessarily_declared
com.apple.movetoios,ads,correctly_undeclared
com.familywall,tracking,unnecessarily_declared
com.familywall,ads,correctly_undeclared
de.rki.coronawarnapp,tracking,unnecessarily_declared
de.rki.coronawarnapp,ads,correctly_undeclared
com.microsoft.office.word,tracking,unnecessarily_declared
com.microsoft.office.word,ads,correctly_undeclared
videoeditor.videomaker.slideshow.fotoplay,tracking,wrongly_undeclared
videoeditor.videomaker.slideshow.fotoplay,ads,correctly_undeclared
com.tranzmate,tracking,unnecessarily_declared
com.tranzmate,ads,unnecessarily_declared
com.jvstudios.gpstracker,tracking,correctly_undeclared
com.jvstudios.gpstracker,ads,wrongly_undeclared
com.magiclabs.mimic,tracking,unnecessarily_declared
com.magiclabs.mimic,ads,unnecessarily_declared
de.pilot.newyorker.android,tracking,unnecessarily_declared
de.pilot.newyorker.android,ads,unnecessarily_declared
com.airbnb.android,tracking,unnecessarily_declared
com.airbnb.android,ads,unnecessarily_declared
me.zepeto.main,tracking,unnecessarily_declared
me.zepeto.main,ads,correctly_undeclared
musicly.photo.video.editor.futureme,tracking,correctly_undeclared
musicly.photo.video.editor.futureme,ads,correctly_undeclared
com.limebike,tracking,correctly_declared
com.limebike,ads,correctly_undeclared
com.meetyou.intl,tracking,correctly_declared
com.meetyou.intl,ads,correctly_undeclared
de.mytoys.mobile,tracking,correctly_declared
de.mytoys.mobile,ads,unnecessarily_declared
cool.fonts.symbol.keyboard.custom.fancy.text.editor,tracking,unnecessarily_declared
cool.fonts.symbol.keyboard.custom.fancy.text.editor,ads,unnecessarily_declared
com.ryanair.cheapflights,tracking,unnecessarily_declared
com.ryanair.cheapflights,ads,unnecessarily_declared
com.discord,tracking,unnecessarily_declared
com.discord,ads,unnecessarily_declared
com.fillibri.app,tracking,unnecessarily_declared
com.fillibri.app,ads,correctly_undeclared
com.zzkko,tracking,unnecessarily_declared
com.zzkko,ads,unnecessarily_declared
com.lv.mobile.mcpe.furniture,tracking,correctly_declared
com.lv.mobile.mcpe.furniture,ads,correctly_declared
de.deutschlandcard.app,tracking,correctly_declared
de.deutschlandcard.app,ads,unnecessarily_declared
com.hp.printercontrol,tracking,unnecessarily_declared
com.hp.printercontrol,ads,unnecessarily_declared
videoeditor.videorecorder.screenrecorder,tracking,unnecessarily_declared
videoeditor.videorecorder.screenrecorder,ads,correctly_undeclared
de.autodoc.gmbh,tracking,unnecessarily_declared
de.autodoc.gmbh,ads,correctly_undeclared
revive.app,tracking,wrongly_undeclared
revive.app,ads,correctly_undeclared
com.amazon.storm.lightning.client.aosp,tracking,correctly_undeclared
com.amazon.storm.lightning.client.aosp,ads,correctly_undeclared
taxi.android.client,tracking,unnecessarily_declared
taxi.android.client,ads,unnecessarily_declared
de.msg,tracking,correctly_undeclared
de.msg,ads,correctly_undeclared
com.tubemp3.music.musicdownload.downloader,tracking,unnecessarily_declared
com.tubemp3.music.musicdownload.downloader,ads,unnecessarily_declared
de.webidsolutions.mywebid,tracking,correctly_undeclared
de.webidsolutions.mywebid,ads,correctly_undeclared
online.schulmanager.app,tracking,correctly_undeclared
online.schulmanager.app,ads,correctly_undeclared
fr.tramb.park4night,tracking,wrongly_undeclared
fr.tramb.park4night,ads,correctly_undeclared
com.microsoft.office.officehubrow,tracking,unnecessarily_declared
com.microsoft.office.officehubrow,ads,correctly_undeclared
com.spinthewheeldecider,tracking,wrongly_undeclared
com.spinthewheeldecider,ads,correctly_undeclared
com.sillens.shapeupclub,tracking,unnecessarily_declared
com.sillens.shapeupclub,ads,unnecessarily_declared
com.autoscout24,tracking,unnecessarily_declared
com.autoscout24,ads,unnecessarily_declared
com.casttv.castforchromecast.screencast,tracking,unnecessarily_declared
com.casttv.castforchromecast.screencast,ads,correctly_declared
de.web.mobile.android.mail,tracking,unnecessarily_declared
de.web.mobile.android.mail,ads,unnecessarily_declared
com.yy.musicfm.global,tracking,wrongly_undeclared
com.yy.musicfm.global,ads,wrongly_undeclared
com.funnylive.loveemijigifsticker,tracking,unnecessarily_declared
com.funnylive.loveemijigifsticker,ads,correctly_declared
com.tuya.smartlife,tracking,unnecessarily_declared
com.tuya.smartlife,ads,unnecessarily_declared
com.tayu.tau.pedometer,tracking,unnecessarily_declared
com.tayu.tau.pedometer,ads,unnecessarily_declared
com.luutinhit.ioslauncher,tracking,wrongly_undeclared
com.luutinhit.ioslauncher,ads,wrongly_undeclared
com.lovebirthday.heartstikers.emojigif.whatsapp,tracking,correctly_declared
com.lovebirthday.heartstikers.emojigif.whatsapp,ads,correctly_declared
com.bingo.cooler.phonecleaner,tracking,wrongly_undeclared
com.bingo.cooler.phonecleaner,ads,wrongly_undeclared
de.cellular.ottohybrid,tracking,unnecessarily_declared
de.cellular.ottohybrid,ads,unnecessarily_declared
deezer.android.app,tracking,unnecessarily_declared
deezer.android.app,ads,unnecessarily_declared
com.vodafone.superconnect,tracking,unnecessarily_declared
com.vodafone.superconnect,ads,correctly_undeclared
com.justplay.app,tracking,unnecessarily_declared
com.justplay.app,ads,unnecessarily_declared
com.google.android.apps.meetings,tracking,unnecessarily_declared
com.google.android.apps.meetings,ads,correctly_undeclared
com.contextlogic.wish,tracking,correctly_declared
com.contextlogic.wish,ads,unnecessarily_declared
ee.mtakso.client,tracking,wrongly_undeclared
ee.mtakso.client,ads,correctly_undeclared
com.vpnmasterx.fast,tracking,wrongly_undeclared
com.vpnmasterx.fast,ads,wrongly_undeclared
de.eos.uptrade.android.fahrinfo.hamburg,tracking,unnecessarily_declared
de.eos.uptrade.android.fahrinfo.hamburg,ads,unnecessarily_declared
com.sports.live.cricket.tv,tracking,correctly_undeclared
com.sports.live.cricket.tv,ads,unnecessarily_declared
de.rtli.tvnow,tracking,unnecessarily_declared
de.rtli.tvnow,ads,unnecessarily_declared
com.valuephone.vpnetto,tracking,correctly_undeclared
com.valuephone.vpnetto,ads,unnecessarily_declared
com.zattoo.player,tracking,unnecessarily_declared
com.zattoo.player,ads,unnecessarily_declared
com.ubercab,tracking,unnecessarily_declared
com.ubercab,ads,unnecessarily_declared
jp.co.canon.bsd.ad.pixmaprint,tracking,unnecessarily_declared
jp.co.canon.bsd.ad.pixmaprint,ads,unnecessarily_declared
mobi.charmer.fotocollage,tracking,correctly_undeclared
mobi.charmer.fotocollage,ads,wrongly_undeclared
com.dropbox.android,tracking,unnecessarily_declared
com.dropbox.android,ads,unnecessarily_declared
com.zdf.android.mediathek,tracking,unnecessarily_declared
com.zdf.android.mediathek,ads,correctly_undeclared
de.mobile.android.app,tracking,correctly_declared
de.mobile.android.app,ads,unnecessarily_declared
com.alphainventor.filemanager,tracking,unnecessarily_declared
com.alphainventor.filemanager,ads,unnecessarily_declared
tunein.player,tracking,correctly_declared
tunein.player,ads,unnecessarily_declared
com.gleam.betty.easybooster,tracking,correctly_declared
com.gleam.betty.easybooster,ads,correctly_declared
de.hafas.android.bayernnavi,tracking,unnecessarily_declared
de.hafas.android.bayernnavi,ads,correctly_undeclared
com.ebay.mobile,tracking,correctly_declared
com.ebay.mobile,ads,unnecessarily_declared
de.gmx.mobile.android.mail,tracking,unnecessarily_declared
de.gmx.mobile.android.mail,ads,unnecessarily_declared
de.eplus.mappecc.client.android.alditalk,tracking,unnecessarily_declared
de.eplus.mappecc.client.android.alditalk,ads,correctly_undeclared
com.microsoft.emmx,tracking,unnecessarily_declared
com.microsoft.emmx,ads,unnecessarily_declared
com.duolingo,tracking,unnecessarily_declared
com.duolingo,ads,unnecessarily_declared
com.better.smart.spacecleaner,tracking,correctly_declared
com.better.smart.spacecleaner,ads,correctly_declared